feature,importance
start_TTTT,0.07336350782000937
end_ATTA,0.05585542139932897
mean,0.054808681827431836
stddev,0.044977380952380956
start_TAAT,0.039297546942753704
start_ATTA,0.03162902652902653
start_AATA,0.029745899035604918
n_fragments,0.029653229123817362
n_reads,0.02800719881969882
end_TTTA,0.027530471430996642
start_AAAT,0.027102546200666496
end_TATT,0.026869450940473664
max,0.024425072476543064
total_fragments,0.02399442918192918
start_TATT,0.02023851475322064
q75,0.01919266381766382
total_chg,0.019163725345922318
region3_count,0.019003968253968252
end_CAAA,0.018897158863545416
start_AAAA,0.01823286060488073
q25,0.017987814530384186
chg_meth_rate,0.01675725076355328
end_ATAA,0.016713952278658163
end_GTTT,0.016048523285634015
start_GTTT,0.015531214156214153
total_chh,0.01530357142857143
end_AAAA,0.014309126984126983
start_TATA,0.013769230769230771
end_TAAT,0.013752976190476192
end_ATTT,0.011785335497835501
end_TTTT,0.011684704184704187
start_AAAC,0.010713378442545107
start_ATAA,0.010616163703420198
region2_count,0.010585040969131876
end_AATT,0.009766014739229025
region1_count,0.009662713675213675
end_ATAT,0.009317099567099566
end_TTAA,0.00928360865713807
end_AAAT,0.00899677392324451
start_GAAA,0.008960676492819347
end_TATA,0.008951461988304096
start_TAAA,0.008839931364931363
start_TTAA,0.0085053900348018
end_TTTG,0.008466753154253152
overall_meth_rate,0.008096681096681097
min,0.00807609710550887
chh_meth_rate,0.007788308913308914
end_TTAT,0.007424560529339941
median,0.007129960317460316
end_AATA,0.006259773995068112
total_cpg,0.005751831501831501
start_ATAT,0.005333333333333332
start_CAAA,0.0047134920634920655
cpg_meth_rate,0.004476616817525907
start_AATT,0.003732142857142857
start_TTTA,0.0032828282828282827
start_TTAT,0.003025
start_ATTT,0.00275
end_AAAC,0.0024359861591695506
end_TAAA,0.0014259259259259258
