Classifier,Feature_Combination,N_Features,Accuracy,Precision,Sensitivity,F1-Score
Logistic Regression,Insert Size Only,8,0.7727272727272727,0.7692307692307693,0.8333333333333334,0.8
Random Forest,Insert Size Only,8,0.6363636363636364,0.7,0.5833333333333334,0.6363636363636364
