Classifier,Feature_Combination,N_Features,Accuracy_Mean,Accuracy_SD,Precision_Mean,Precision_SD,Sensitivity_Mean,Sensitivity_SD,F1_Mean,F1_SD,N_Replicates
Logistic Regression,Positions Only,3,0.7022727272727273,0.061783078268491755,0.7430244755244756,0.06814303954704293,0.7,0.048591265790377515,0.7201403162055336,0.0537825743503478,20
Random Forest,Positions Only,3,0.45681818181818173,0.06814392886620431,0.5014324564324564,0.06510634277840928,0.4916666666666667,0.09464847243000457,0.4942223847006456,0.07434149792192214,20
