Classifier,Accuracy,Precision,Sensitivity,F1-Score
Logistic Regression,0.6818181818181818,0.6923076923076923,0.75,0.72
Random Forest,0.6363636363636364,0.6666666666666666,0.6666666666666666,0.6666666666666666
