Classifier,Accuracy,Precision,Sensitivity,F1-Score
Logistic Regression,0.5909090909090909,0.6363636363636364,0.5833333333333334,0.6086956521739131
Random Forest,0.7272727272727273,0.7142857142857143,0.8333333333333334,0.7692307692307693
