Classifier,Feature_Combination,N_Features,Accuracy,Precision,Sensitivity,F1-Score
Logistic Regression,Insert Size Only,8,0.7727272727272727,0.7692307692307693,0.8333333333333334,0.8
Random Forest,Insert Size Only,8,0.6818181818181818,0.7777777777777778,0.5833333333333334,0.6666666666666666
