Classifier,Feature_Combination,N_Features,Accuracy_Mean,Accuracy_SD,Precision_Mean,Precision_SD,Sensitivity_Mean,Sensitivity_SD,F1_Mean,F1_SD,N_Replicates
Logistic Regression,Insert + Positions,11,0.6795454545454545,0.07395972770578628,0.7365472027972026,0.08077357336248303,0.6458333333333334,0.09455671431591847,0.685558629776021,0.07780774383427917,20
Random Forest,Insert + Positions,11,0.6931818181818181,0.08728574713487056,0.7628719891219891,0.10809351603659478,0.65,0.08975274678557506,0.6979049501223414,0.08369423167075969,20
