Classifier,Feature_Combination,N_Features,Accuracy_Mean,Accuracy_SD,Precision_Mean,Precision_SD,Sensitivity_Mean,Sensitivity_SD,F1_Mean,F1_SD,N_Replicates
Logistic Regression,Positions Only,3,0.6977272727272728,0.0708201656858313,0.733548951048951,0.08360487061950467,0.7125,0.04912427551063166,0.7213906455862977,0.05885518548068773,20
Random Forest,Positions Only,3,0.4545454545454545,0.07872958216222169,0.5002555777555777,0.07770204365515915,0.4833333333333334,0.09354143466934853,0.4897045313784444,0.08000231779657907,20
