Classifier,Feature_Combination,N_Features,Accuracy_Mean,Accuracy_SD,Precision_Mean,Precision_SD,Sensitivity_Mean,Sensitivity_SD,F1_Mean,F1_SD,N_Replicates
Logistic Regression,Motifs Only,40,0.709090909090909,0.0463547228508435,0.7006410256410256,0.03542210481511797,0.8166666666666667,0.097182531580755,0.7516190476190475,0.05075895640504049,5
Random Forest,Motifs Only,40,0.6,0.018181818181818167,0.6292707292707292,0.011583243189319269,0.65,0.06236095644623234,0.6379397993311037,0.030577105573317016,5
