Classifier,Accuracy,Precision,Sensitivity,F1-Score
Logistic Regression,0.7727272727272727,0.7692307692307693,0.8333333333333334,0.8
Random Forest,0.7272727272727273,0.7142857142857143,0.8333333333333334,0.7692307692307693
