feature,importance
start_TTTT,0.09010449787629271
mean,0.06266171715413799
stddev,0.0406923543776485
end_ATTA,0.03999261716973115
start_ATTA,0.039940069190069184
start_AATA,0.03703363235790183
end_GTTT,0.03331355978288752
start_TAAT,0.031475892175912026
q75,0.030571831182615496
total_fragments,0.0305400057458881
end_TATT,0.028339398199471174
end_ATTT,0.025770040856579322
cpg_meth_rate,0.025079914732015568
end_TTTA,0.024837113617376776
n_reads,0.024479105892850232
start_AAAT,0.020393467643467642
start_TTAA,0.019230745013324196
total_chh,0.01901380176536427
end_TATA,0.018828869373741168
start_TAAA,0.018485284142146886
end_TTTG,0.018036833536833538
end_TAAT,0.017808322723028604
max,0.016290242165242167
start_TTTA,0.015757172928741556
end_AAAT,0.015359964377727537
total_chg,0.014940425315425316
median,0.014733821733821735
start_CAAA,0.014404889990184104
n_fragments,0.014136448542120811
start_AAAA,0.013905695611577968
start_TATA,0.01338030212084834
end_AAAC,0.01236443664360331
end_AAAA,0.011406645233851114
region2_count,0.011286528286528284
end_TTTT,0.010624136614979109
min,0.01
end_AATA,0.00947276688453159
region1_count,0.008003141208269416
start_GAAA,0.0068981642243674335
start_GTTT,0.006793567426970789
region3_count,0.006765873015873016
end_CAAA,0.006703968253968253
end_TTAT,0.0062752503850543075
total_cpg,0.006158854166666665
end_TTAA,0.006132936507936508
q25,0.005852532679738562
end_TAAA,0.0057142857142857125
end_ATAA,0.005081659793198254
chh_meth_rate,0.004878815628815627
start_ATAA,0.004487179487179487
start_ATTT,0.004413157894736844
end_ATAT,0.003956043956043956
chg_meth_rate,0.0038679738562091507
start_ATAT,0.003471581196581196
overall_meth_rate,0.003092074592074592
start_TTAT,0.0029010989010989007
start_TATT,0.0021132584064327497
start_AAAC,0.0017460317460317465
start_AATT,0.0
end_AATT,0.0
